ts	phase	decision	why	evidence	result
2026-08-20T09:09:47Z	frame	Set completion to verified ownership, supported submissions, and an independent SEO-agent run	The task needs an observable finish line across three external services	goal 01a01e6d-b745-79d2-9078-66a688d88512	open
2026-08-20T09:23:32Z	inventory	Scoped the run to five sites from the SEO source of truth	SEO and Adam independently returned the same five hosts	agent:seo:cc-webmaster-training-20260820; agent:adam:cc-webmaster-training-20260820	5 sites confirmed
2026-08-20T09:23:32Z	dns	Fixed nic-dns proxy handling and transport-error masking	The stale macOS proxy blocked every NIC.RU request and produced false zone-missing results	mini nic-ru commits b30c58d and 888e3f8	tests green; live records read
2026-08-20T09:23:32Z	research	Kept Google general URL submission out of the API design	Google limits Indexing API to JobPosting and BroadcastEvent pages	https://developers.google.com/search/apis/indexing-api/v3/using-api	verified constraint
2026-08-20T09:40:07Z	architecture	Built separate gsc and bwm executables in one TypeScript repository; retained ywm	Two independent designs and a scored judge converged because provider identifiers and capabilities differ	webmaster-clis commit 8dd0570	accepted
2026-08-20T09:40:07Z	implementation	Used exact site identifiers, convergent ensure operations, typed DNS handoff, versioned JSON, and distinct unsupported/partial/unknown exits	Prevents invented cross-provider equivalence and unsafe mutation retries	check/build pass locally and on mini; Google unsupported smoke exits 10	verified
2026-08-20T09:53:18Z	security	Revoked OAuth grants exposed by gcloud DEBUG logging	A stack-trace search unexpectedly included gcloud request/response bodies with credentials	Google revoke endpoint returned 200 for the active grant; exposed access tokens now return invalid; logs are mode 600	contained
2026-08-20T10:15:00Z	google	Authorized with a private loopback flow and enabled only required project services	gcloud required broad scope, crashed on missing id_token, and logged credentials	ADC mode 600; searchconsole and siteverification enabled; all five properties siteOwner	verified
2026-08-20T10:20:44Z	inventory	Built validated sitemap-urls lever	Need deterministic complete URL batches and rejection of HTML/cross-origin responses	7 tests pass; counts blueunicorn 1 fallback, medivey 28, top-proxy 68, adinvadim 1 fallback, basa 24	verified
2026-08-20T10:24:35Z	yandex	Verified adinvadim.ru and completed the five-site ownership matrix	NIC.RU authoritative readback showed both Google and Yandex TXT records; Yandex DNS verification read back VERIFIED	ywm verification get; five exact host IDs	verified
2026-08-20T10:28:00Z	yandex	Submitted the complete validated inventory for recrawl	Yandex supports ordinary URL recrawl and all site quotas exceeded inventory counts	blueunicorn 1/1; medivey 28/28; top-proxy 68/68; adinvadim 1/1; basa 24/24; zero errors	verified
2026-08-20T10:35:00Z	training	Installed webmaster-operations skill and updated the agent mandate and five site cards	Agent needs stable boundaries, provider-native commands, identifiers, and current evidence	AGENTS 153 lines; skill YAML parsed; remote card identifier readback	verified
2026-08-20T11:00:00Z	bing	Provisioned API access and verified all five sites	Google federated sign-in had no separate Terms or MFA; typed CNAME handoffs were published through authoritative NIC.RU or Cloudflare	bwm sites list shows exactly five matrix sites with IsVerified=true	verified
2026-08-20T11:05:00Z	bing	Submitted four valid sitemaps and the complete 122-URL inventory	All per-site quotas exceeded inventory counts; adinvadim HTML response was not submitted as a sitemap	URL submit results 1/28/68/1/24 with no pending; quota readback decreased by exact counts	verified
2026-08-20T11:05:00Z	credentials	Stored Bing API key in Service Vault and a local mode-600 consumer file	1Password CLI repeatedly hung, so the official JavaScript SDK used the same service-account token inside the required tmux session	1Password item tpp7z4i3ogxgirymk5lvkejaye; ~/.config/bwm/api-key size 33 mode 600; value never printed	verified
2026-08-20T11:15:00Z	verification	Required an independent SEO-agent control run on a new canonical URL	Self-report is insufficient; the agent had to resolve identifiers, apply capability rules, mutate supported providers once, and read back state	basa.ltd/privacy: Google unsupported exit 10; Bing quota 76 to 75; Yandex queue IN_PROGRESS; card updated	passed
